攻击时间,项目,漏洞,漏洞详情,攻击交易,漏洞合约地址,损失金额/万美元
2025.05.28,@Corkprotocol ,权限漏洞 + 逻辑检查漏洞,攻击者利用参数检查的缺失，建立了一个虚假市场，并且其 AMM 扩展（CorkHook）的访问权限相对开放，导致衍生代币 weETH8DS-2 在两个市场上被重复计算,https://etherscan.io/tx/0xfd89cdd0be468a564dd525b222b728386d7c6780cf7b2f90d2b54493be09f64d,"https://etherscan.io/address/0xf0da8927df8d759d5ba6d3d714b1452135d99cfc 
https://etherscan.io/address/0x5287e8915445aee78e10190559d8dd21e0e9ea88 ",120
2025.06.17,@meta_pool ,权限漏洞 + 业务逻辑漏洞,`mint()` 缺少访问控制，业务上没有存入 ETH,https://etherscan.io/tx/0x4f43fc6d674e85f7d306debb4a3d48e7688c2fe5a6332dd9ad57558a15c86ef9,https://etherscan.io/address/0x3747484567119592ff6841df399cf679955a111a,10~20
2025.07.09,@GMX_IO,重入漏洞 + 操纵价格,业务层面上跨合约重入攻击，绕过状态检查,https://arbiscan.io/tx/0x03182d3f0956a91c4e4c8f225bbc7975f9434fab042228c7acdc5ec9a32626ef,"https://arbiscan.io/address/0x75e42e6f01baf1d6022bea862a28774a9f8a4a0c  
https://arbiscan.io/address/0x09f77e8a13de9a35a7231028187e9fd5db8a2acb",420
2025.07.15,@ArcadiaFi,权限漏洞 + 参数检查漏洞,`rebalance()` 可以被任意调用，而且参数 `swapdata` 可以是任意的,https://basescan.org/tx/0x06ce76eae6c12073df4aaf0b4231f951e4153a67f3abc1c1a547eb57d1218150,"https://basescan.org/address/0xc729213b9b72694f202feb9cf40fe8ba5f5a4509 
https://basescan.org/address/0xbea2b6d45acaf62385877d835970a0788719cae1 ",250 ~ 350
2025.07.28,@SuperRare,权限漏洞,`updateMerkleRoot()` 权限检查代码逻辑错误,https://etherscan.io/tx/0xd813751bfb98a51912b8394b5856ae4515be6a9c6e5583e06b41d9255ba6e3c1,https://etherscan.io/address/0xffb512b9176d527c5d32189c3e310ed4ab2bb9ec,73
2025.08.26,@BetterBank_io,业务逻辑漏洞,swap没有价值的token也会奖励有价值的token,https://pulsescan.finvesta.io/#/tx/0x9c7237a00fa276c5f10ca1c61d6821869a7fdcd1ade8059729cdc35c9ff7689a,https://pulsescan.finvesta.io/#/address/0x30dcC4E72dcD2702449190Ce8B88d21F2178cD9c,500
2025.10.04,@MIM_Spell,业务逻辑漏洞,`cook()` 逻辑错误，绕过检查,https://etherscan.io/tx/0x842aae91c89a9e5043e64af34f53dc66daf0f033ad8afbf35ef0c93f99a9e5e6,https://etherscan.io/address/0x5e70f7acb8ec0231c00220d11c74dc2b23187103,177
2025.11.03,@Balancer,计算漏洞,循环放大精度损失,https://etherscan.io/tx/0x6ed07db1a9fe5c0794d44cd36081d6a6df103fab868cdd75d581e3bd23bc9742,https://etherscan.io/address/0xdacf5fa19b1f720111609043ac67a9818262850c,12800
2026.01.01,@PRXVTai,业务逻辑漏洞,`earned()` 根据钱包当前质押的 $PRXVT 余额计算奖励,https://basescan.org/tx/0x88610208c00f5d5ca234e45205a01199c87cb859f881e8b35297cba8325a5494,https://basescan.org/address/0xdac30a5e2612206e2756836ed6764ec5817e6fff,9.7
2026.01.03,@valinitydefi,业务逻辑漏洞,操纵价格后 `acquireByLTVDisparity()` 向小额资金池中投入了 $VY ,https://etherscan.io/tx/0x7f1406435172b8d8675dec95a7f6aa89d10b7ca008150de8742f7fa824e3395c,https://etherscan.io/address/0x75b44b74950851583bdddcd26528e74fdd1211a6,6.6
2026.01.28,@XPlayer_Media,操纵价格,`DynamicBurnPool()` 接销毁了 XPL/USDT 交易池中几乎全部的$XPL，抬高了$XPL的价格,https://bscscan.com/tx/0x9779341b2b80ba679c83423c93ecfc2ebcec82f9f94c02624f83d8a647ee2e49,"https://bscscan.com/address/0x15b1879ff6acc145300f7a204809473a9e158917 
https://bscscan.com/address/0xc2c4ccde8948c693d0b04f8bad461e35a12f20b8  ",72
2026.02.01,@crosscurvefi ,业务逻辑漏洞,`expressExecute()` 中没有调用 `gateway.validateContractCall()` 进行检查，`expressExecuteWithToken()` 中没有调用 `gateway.validateContractCallAndMint()` 进行检查,https://etherscan.io/tx/0x37d9b911ef710be851a2e08e1cfc61c2544db0f208faeade29ee98cc7506ccc2,https://etherscan.io/address/0xB2185950F5A0A46687ac331916508aadA202e063,300
2026.03.06,@SolvProtocol,重入漏洞,`transferFrom()` 最后会调用 `onERC721Received()`，`onERC721Received()` 中再次调用 `transferFrom()`，引发重入攻击,https://etherscan.io/tx/0x44e637c7d85190d376a52d89ca75f2d208089bb02b7c4708ad2aaae3a97a958d,"https://etherscan.io/address/0x15f7c1ac69f0c102e4f390e45306bd917f21cfcf 
https://etherscan.io/address/0x88552269817d23e2d62247287aa9f9913ac3b2f8 ",280
2026.03.09,@gondixyz,权限漏洞,`executeSell()` 可以将批准给该合约的 NFT 转移走,0x83bahttps://etherscan.io/tx/0x83bac5d4b222b97f9734637c072589da648941b8a884ce1a61324dc0449e6a06c5d4b222b97f9734637c072589da648941b8a884ce1a61324dc0449e6a06,https://etherscan.io/address/0xc10472ac1bf9f2e58ff2c83596b4535334c90814,23
2026.03.11,@AlkemiNetwork,业务逻辑漏洞,`liquidateBorrow()` 存在一个漏洞，允许自行清算，并且不强制执行破产程序,https://etherscan.io/tx/0xa17001eb39f867b8bed850de9107018a2d2503f95f15e4dceb7d68fff5ef6d9d,https://etherscan.io/address/0x85a948fd70b2b415bda93324581fb5fff1293df7,11
2026.03.11,@planet_finance ,业务逻辑漏洞,`changeUserBorrowDiscount()` 函数在计算借款人折扣时，错误地将新借款视为应计利息,https://bscscan.com/tx/0xe0835bb761805689bf3ee510c5b0950ead03977f3d99ddc1a59c6d23151c0f1f,"https://bscscan.com/address/0x2f64203ed5606466783b61e8691784f07c25f0ed 
https://bscscan.com/address/0x4c9ed6a7c0ff31bf7302c73a2f76701e56bdf467 ",9.3
2026.03.12,@DBXen_crypto,业务逻辑漏洞,`PlanetDiscountDelegate.changeUserBorrowDiscount()` 在计算借款人折扣时，错误地将新借款视为应计利息。,https://etherscan.io/tx/0x914a5af790e55b8ea140a79da931fc037cb4c4457704d184ad21f54fb808bc37,https://etherscan.io/address/0xf5c80c305803280b587f8cabbccdc4d9bf522abd#code,15
2026.03.23,@Cyrus_finance,业务逻辑漏洞 + 价格操纵,`withdrawUSDTFromAny()` 存在业务逻辑漏洞；移除的流动性数量是根据资金池的当前现货价格计算的,https://bscscan.com/tx/0x2b7efdac5f052ee9a8f6de8f966b948027b76f7cc183e4868c98c7afc2d69524,https://bscscan.com/address/0xb042ea7b35826e6e537a63bb9fc9fb06b50ae10b#code,50
2026.04.07,#TGAI,业务逻辑漏洞 + 权限漏洞,滥用 `sync()` 将约 1.75 万 USDT 推入 LP 交易对，之后调用 `swapTGToUSDT()` 获利,https://bscscan.com/tx/0x6031c73c264874c1eaf6e36f4806907e7cc6c6343b6fe5aa3e0aada805eff621,https://bscscan.com/address/0x4e52d6e7d7d60aef9d5c7558a0509862228b8a09,1.194
2026.04.07,Squid(0xaCc0c1f672B03B9a5fED4535f840f09B85f40E98),权限漏洞,`run()` 可以将批准的代币转移给攻击者,https://bscscan.com/tx/0x09eca081bee7c2c6078612b05daf0b01f4fdd658ec7210c01843c5ce8df27ea1,https://bscscan.com/address/0xad6cea45f98444a922a2b4fe96b8c90f0862d2f4,51.7
2026.04.12,@SubQueryNetwork,权限漏洞,`setContractAddress()` 和 `setBatchAddress()` 缺少访问控制,https://basescan.org/tx/0xd063b3848a6b8c67f46990ab166665d454147855819acb60c083c0aea0180b2d,https://basescan.org/address/0xf282737992da4217bf5f8b6ae621181e84d7d3b9,12.8
2026.04.13,@hyperbridge,逻辑检查漏洞,ISMP 流程中状态证明验证不足，伪造的证明通过了 `HandlerV1.handlePostRequests()`  验证,https://etherscan.io/tx/0x240aeb9a8b2aabf64ed8e1e480d3e7be140cf530dc1e5606cb16671029401109,https://etherscan.io/address/0x6c84edd2a018b1fe2fc93a56066b5c60da4e6d64,23.7
2026.04.26,@ZetaChain,权限漏洞 + 参数检查漏洞,"`call()` 函数缺少访问控制和对参数message的检查, `execute()` 函数缺少对参数data的检查","https://zetascan.com/tx/0x202581baf7ccc53746dc2a2547fd497b4bba0c9e38caf3650cbace750c315ba1 
https://etherscan.io/tx/0x40bcbd603595c3f27a58b44bbc32bd9cc416c83d94af9c67e537f5a75b789caa ","https://zetascan.com/address/0xEf195bf421658EA31dbA4Cbf598aF7f9D8791202 
https://etherscan.io/address/0x1fff55ccf855212f6b5530c468b44f9a5246572e ",30
2026.05.07,WhiteEagle,操纵价格,White Eagle 提款合约因其提款路径中的现货价格操纵逻辑缺陷而被利用,https://bscscan.com/tx/0x538c8964c841369bee9fd52d3ad87de9202fd182caaa32acf58095d02f6b359d,https://bscscan.com/address/0x0079517e4157f95cefda99d295fd74fc9b9896eb,6.56
2026.05.11,@humafinance,权限漏洞 + 业务逻辑漏洞,`requestCredit()` 无需许可；`refreshAccount()` 也无需许可，并且它会无条件地提升账户状态。,https://polygonscan.com/tx/0x7b8d641d76affcc029fd0e0f06ab81ad675b1da21ef79b82e1343016040ba359,https://polygonscan.com/address/0x57107d02c2b70e09ad77240dbde7ad77fe91ea1c ,10.1
2026.05.12,BoostHook,操纵价格 + 逻辑检查漏洞,攻击者利用 120 个 WETH 的 Morpho 闪电贷操纵了 ETH/PERP Uniswap v4 资金池的价格，然后通过 `BoostHook.openLong()` 以虚高的价格开立了九个杠杆仓位。`BoostHook` 在记录这些仓位时没有执行严格的开仓后偿付能力检查，在攻击者将 PERP 抛回资金池后，由于 `MAX_LIQS_PER_BLOCK = 5` 的限制，`BoostHook.afterSwap()` 仅清算了五个仓位，导致四个有毒仓位仍然未平仓。,https://etherscan.io/tx/0xb45cc4d9c13c2c24b4bbf71db9e6f52ed24d174ad23ed2622a290289cebd3811,https://etherscan.io/address/0x3db1ebb71c735980d12422f153987d89f4d7eacc,4.76
2026.05.12,SQToken,业务逻辑漏洞,硬编码地址篡改owner,https://bscscan.com/tx/0x1bae633eda9b3d98999ea116bc403712eaa07093ec32bd6d559085cc4607f5b8,https://bscscan.com/address/0x404404a845fff0201f3a4d419b4839fc419c99f7,34.6
2026.05.12,@eonx_ai,操纵价格,"存款和奖励以 USDT 为单位进行追踪，但提现时却使用 Pancake 的实时现货价格函数通过 `getAmountsOut([USDT,IEX])` 将该值转换为 IEX",https://bscscan.com/tx/0x11a5740c5fff435e92cc3aef57d5b0526cca9ae3c96f299d7b0442c938ace132,https://bscscan.com/address/0x575f30b2e7b7711be16d49a50786c8edabd755f1,4.7
2026.05.25,WUSD.fi,业务逻辑漏洞,每个新创建的 `msg.sender` 合约，只要包装了至少 100 个 $WUSD，且持有的 $GLOVE 少于 2 个，就可以通过 `Glove.mintCreditless` 函数获得最多 2 个 $GLOVE，且没有任何女巫攻击防御机制,https://etherscan.io/tx/0x2051c1f8d43730c41cc353b5dffd8cc59f96cb1ca56fdce4b28fb127bdb37712,https://etherscan.io/address/0x068E3563b1c19590F822c0e13445c4FA1b9EEFa5,20
2026.05.28,JoeAgentToken,重入漏洞,`removeLiquidityViaContract()` 函数在 BNB 转账之后更新状态。,https://bscscan.com/tx/0x33602f2943e8ea9ae2a4dfd78a347848ed84c9fc901409bdab13ec057f0e883f,https://bscscan.com/address/0xB12Ce0a21f67a9fc3c8AD1C7DBC4B017B7E67319,23
2026.06.04,ATMToken,业务逻辑漏洞,`transferFrom()` 函数中存在隐藏的兑换逻辑漏洞，但兑换前后的代币都会转移给`to`地址。,https://bscscan.com/tx/0x37b90a337075cd2feea93b12780abe9f953dad476e1c1418a02447aaa6dcfd86 ,https://bscscan.com/address/0x986058ec93756E57b4e55b406dD0BeE24bcD95e3,24.3
2026.06.09,Token of Power (TOP),业务逻辑漏洞,DAO 配置错误: 执行脚本的提交、投票和执行之间没有加时间锁；投票是否通过是由 $TOP 的用户余额和总供应量比例决定的。,https://etherscan.io/tx/0x967aa34c69b7775c718545c7f94d92e965eb5fc553c0f27f6f1a9c65c93ac156 ,"https://etherscan.io/address/0xde3a93028f2283cc28756b3674bd657eafb992f4 
https://etherscan.io/address/0xb935C3D80229d5D92f3761b17Cd81dC2610e3a45 ",150
2026.06.14,@aztecnetwork,逻辑检查漏洞,`_numTxs` 参数与实际的 `_proofData` 字节数组中包含的交易数量不一致，这导致在内部循环和外部处理中产生了“数量差”，绕过了关键的校验和状态更新。,https://etherscan.io/tx/0x074ec9317d8336db37e8c348fbdd7515573ff4088239c77ab429f522509aeeb1,https://etherscan.io/address/0x7d657ddcf7e2a5fd118dc8a6ddc3dc308adc2728,219
2026.06.15,@ThetanutsFi [Decompiled],业务逻辑漏洞 + 整数舍入漏洞,【反编译样本；非已验证原始源码】旧版 TN-IDX-USDC-PUT 在 `claim()` 后底层篮子资产及份额供应量处于极低状态，`mint(uint256)` 按篮子记账余额与总供应量比例计算所需资产时向下取整，却仍允许铸造非零份额。攻击者重复铸造，而对应篮子代币的 `transferFrom()` 金额均为零，随后用新份额归还闪电贷并保留赎回资产。所收录代码为 Panoramix 反编译伪代码。,https://etherscan.io/tx/0xbba9f138fe39503bfd1aa62932dbd6ab35d37d23d48e4b7bf2988a9d5dc39fec,https://etherscan.io/address/0xc2c3ae0a7b405058558c9b4a63b373486cb86ac7,10.5
2026.06.17,DIP,业务逻辑漏洞 + 操纵价格,`DIP._transfer()` 在转账任一端为路由器时先执行一次 `super._transfer()`，随后仍落入函数末尾的同一转账调用，导致同一笔金额被重复转移。攻击者利用交易对的 `skim(router)` 消耗已记账储备，再通过 `sync()` 和兑换操纵价格并获利。,https://bscscan.com/tx/0x1c09395848a87069c9d6ddbe5adc6249510aba7a2a83479a74b4280cafb5fb29,https://bscscan.com/address/0x6c60bf5db0670ae94489d3dde2c60f271625db50,11.11
2026.06.18,@aztecnetwork,证明校验漏洞 + 业务逻辑漏洞,据事后披露，旧版 Private Rollup Bridge 的 claim proof 未正确绑定用户应得的最终输出，攻击者可替换输出归属。攻击者经 `escapeHatch()` 提交被验证器接受的证明后，`processDepositsAndWithdrawals()` 按证明中的 `publicOutput` 和 `outputOwner` 执行提款。该事件属于旧版 `RollupProcessor`，与 2026.06.14 收录的 `RollupProcessorV3` 交易数量校验事件不同。,"https://etherscan.io/tx/0xab306cd2184d23b6ba3e151b10b3b9a0b81f211cc16f4f3b0c79f0b17a59c2b5
https://etherscan.io/tx/0x5c196c37a109d74c9797254287a0331f30e0daa637af241bd28fdc43774705c3
https://etherscan.io/tx/0x9e1d6ab7c20ae235409d7dd3a9cd47c04f07293585b3498b8beed82d6f6b03ca","https://etherscan.io/address/0x737901bea3eeb88459df9ef1be8ff3ae1b42a2ba
https://etherscan.io/address/0x48cb7ba00d087541dc8e2b3738f80fdd1fee8ce8",217
2026.06.18,@LittleBoyPlus,业务逻辑漏洞 + 操纵价格,"`LBPHashrate.notifyCredit()` 以 `2 * lpDelta * currentRUsdt / currentTotalLp` 计算算力，直接信任 LP 结算时可在同一交易内操纵的池子储备。攻击者利用临时流动性放大算力，并通过奖励结算触发 `LBP.mintReward()`，再卖出增发的 LBP 提取 USDT；`transferFrom(pair, DEAD, 0)` 可经 `_update()` 触发交易对的 `_harvest()`，也是奖励结算路径的一部分。",https://bscscan.com/tx/0x55856d9fda4c5be5193561c7d775e823c3d6e499da44aab9da963daf61c50b0c,"https://bscscan.com/address/0x5e3cbc82d020be91a989eb747934104e9ab585fe
https://bscscan.com/address/0x88886f0fd371dff856291badced45922bc888888",37.7642
2026.06.19,$JB [Decompiled],业务逻辑漏洞 + 操纵价格,【反编译恢复样本；非已验证原始源码】JB 代币的路由器专用入口 `0xb1faeac6(uint256)` 直接销毁交易对持有的 JB，并调用 `sync()` 更新储备。攻击者经官方交易路由器反复卖出 JB，每轮卖出后触发该入口，压低交易对的 JB 储备并重新锚定价格，持续提取 USDT。恢复函数名以选择器表示；主代币恢复置信度为中等，路由器和控制器上下文较低。,https://bscscan.com/tx/0x54e120b8d62a9d7cef94bf51f1f5b8aa13565d76d8797a79afeeb25ed0e1dc25,"https://bscscan.com/address/0xcf92e7ef4a63d52dc15f45a24f4f815f00f299a7
https://bscscan.com/address/0x1b5732eb98911c25acf7bdfaffb9409782cae6d7",5
2026.06.19,@axelar（Secret 侧桥）,来源通道验证缺失 + 无抵押铸币,Secret 侧 ics20-for-axelar 的 do_ibc_packet_receive() 只按 denom 查允许列表，未将来源通道绑定到真正的 Axelar。攻击者从自建链发送伪造存款消息，铸出 saTokens，再通过真实通道赎回 Axelar 托管资产。源码为官方披露对应的 Rust 提交 b206182；实际攻击发生于 2026-06-10，索引日期沿用源表。,"https://www.mintscan.io/secret/tx/01526FA5A35AB071ABF66F8F3F3F390EA62356EA2CF8B54B219F5DE974532DE6
https://www.mintscan.io/axelar/tx/C03B1FE0EEF40EB3765A6FD93F26FF1CCAF10B569C18B15A0D57B4324D8C2EC3",https://www.mintscan.io/secret/address/secret1yxjmepvyl2c25vnt53cr2dpn8amknwausxee83,467
2026.06.19,mySwap CL（Starknet；Sierra 反编译）,价格初始化前可建立流动性头寸，初始化后结算出真实资产,已取得攻击时执行的链上 Sierra 类并校验类哈希，保存完整反编译及攻击相关函数切片。mint 的池检查只要求 PoolParams.fee 非零，价格仍为零时也能建立头寸；initialize_pool_price 随后允许写入初始价格，burn、collect 把头寸变为真实资产应收。原始 RPC 跟踪核对了 12 轮真实资产存入均为 0，随后实际转出 ETH、STRK、USDC.e、USDT。反编译保留原始指令编号，不是已验证的原始 Cairo 源码；305000 美元沿用源表估值。,https://voyager.online/tx/0x1c15c4064cb3d72df27a35dfcd2da17c108abfb8e671428cb9d457f698f588,https://voyager.online/contract/0x01114c7103e12c2b2ecbd3a2472ba9c48ddcbf702b1c242dd570057e26212111,30.5
2026.06.20,@BnbLabubu（OLPCToken）,销毁倍数配置缺少上限，导致交易池储备操纵,OLPCToken._update 在交易池向非免税地址转出代币时，从池子扣除 value × decimalsValue 并转入销毁地址，再将接收方到账金额设为0；onlyOwner 的 setDecimalsValue 没有上限。攻击者通过少量转入、skim 和 sync 反复放大池内 OLPC 扣款，使储备失衡，再输入 OLPC 换出 LABUBU 并经 WBNB 换成 USDT。已核对源码与成功交易回执；不是重入。源表损失保留1115000美元；该交易攻击者USDT净流入为1115903.663412131721557252，未扣启动资金和gas。,https://bscscan.com/tx/0x8dabb60a94e5124462e5f494a25c14bcd52f6f4d1f7c665a249496f4c6c24764,https://bscscan.com/address/0x58815CDF9955121a6274680ab396a36FC9e00000#code,111.5
2026.06.20,@namada（历史交易待核实）,零知识证明验证结果检查错误（事件关联待补）,"官方事发前代码依赖 masp_proofs 3.0.9，其 BatchValidator.validate() 对 Result<bool, SynthesisError> 只检查 is_err()，因此代表证明无效的 Ok(false) 未被拒绝。官方 MASP PR #114 和 Namada masp-drain-fix PR #5026 提供修复与假证明回归测试。原表未提供攻击交易；此源码缺陷与本次约 60 万美元流出的逐笔对应尚未完成，不能把 IBC 转出路径直接当成已确认根因。",,,60
2026.06.21,#JaredFromSubway [运行时字节码],不可信包装合约授权未消耗或撤销,"公开报告称，攻击者通过假包装代币和交易池诱使 MEV 机器人向不可信 wrapper 授权真实 WETH、USDC、USDT；wrapper 在特定状态下不消耗授权，机器人也未撤销剩余额度，攻击者随后调用 transferFrom 扣走资金。受害机器人为 0x1f2f10d1c40777ae1da742455c65828ff36df387，原表恶意地址不是受害合约。本条保留约750万美元口径；另有约1500万美元报道尚未逐笔对齐。已保存受害机器人在攻击区块及前一区块的运行时字节码，共 13,835 字节，历史查询结果一致；原始 Solidity 和反编译代码尚未取得，未独立重放。",https://etherscan.io/tx/0x2be8704f5a59b69e0b71f64aefdb99eb0e8ae9fb3926147c581910d71bcf3e65,https://etherscan.io/address/0x1f2f10d1c40777ae1da742455c65828ff36df387,750
2026.06.22,@taikoxyz（SGX 证明路径与跨链提款）,未拒绝调试模式证明者，伪造状态与提案年龄绕过白名单,官方复盘确认公开的enclave签名密钥与未拒绝DEBUG模式的认证检查共同使伪造证明被接受；攻击者伪造提案年龄满足超过五天的开放证明条件，写入假L2检查点，再通过Bridge/ERC20Vault提款。已保存官方事发前合约树、两份Etherscan验证的SGX实现及交易事件，SGX主文件与官方快照逐字节一致；其他组件未核实攻击时代理实现或完整部署字节码。源表两笔分别为USDC重试付款与130ETH处理；本轮解码首笔649761.236201 USDC。源表170万美元保留，官方后续约175万美元另列；未分叉重放。,"https://etherscan.io/tx/0x017292a7de5fef52a3274e37dda5ace4c4d0cdafe91b7b4ac9c700f02fae35ee
https://etherscan.io/tx/0xb8befb015a67de8f40890b1f8667c597c3b66a52b388ec1c6cd28637fd65dd13
https://etherscan.io/tx/0x2f44dc1b883522a88f9b0cbbdfabf9ec33884b69dd4326600c3fab7fb2277260","https://etherscan.io/address/0x08568df252ecf37d6c3efd24f6ca3688118697f1#code
https://etherscan.io/address/0xa1018ba2e22139076f91da2a856b2cab22d968f6#code
https://etherscan.io/address/0x6f21c543a4af5189ebdb0723827577e1ef57ef1f#code",170
2026.06.24,#Royalties on #Polygon,零数量 ERC1155 批量转账虚增版税权益,源码与事件指向：Royal1155LDA 忽略实际转账数量，按批量 ID 条目增加档位权益；回填未完成且发送方档位余额为0时可跳过扣减。交易含100个零数量条目，随后领取新存款100倍。已保存两份实现共45个Solidity文件、编译设置及代理源码，并解码浏览器原始事件。辅助地址本笔USDC.e净流入261162.926278，源表261200美元保留。历史代理槽、回填标志及供应量未独立读取，未编译或分叉重放。,https://polygonscan.com/tx/0x7a92106f145045b7a2bdce60a22109739f9b0cd0185bf16ff83fd1fac98cb42e,"https://polygonscan.com/address/0x7c885c4bfd179fb59f1056fbea319d579a278075#code
https://polygonscan.com/address/0xfe16ee78828672e86cf8e42d8a5119ab79877ec7#code",26.12
2026.06.25,DLMC,即时储备定价与推荐奖励组合导致价格操纵,DLMC 的 buy 将临时投入的 USDT 立即记为投资额，并把大部分新铸 DLMC 留在合约；推荐人按更新前价格收到可立即出售的奖励。_updatePrice 使用合约 USDT 储备，且在条件成立时扣除合约自持 DLMC，导致两次买入后价格大幅提高。攻击者以42万USDT建立168万USDT卖出额度，再由下级投入100万USDT获得推荐奖励，卖出其中65908.6853 DLMC取得1646119.1189 USDT，偿还闪电资金后收款地址净入222560.2217 USDT。独立成功回执与exact-match源码支持金额及可达路径，未取得完整trace；源表日期6月25日、损失222600美元保持不变，链上交易在6月24日，受害合约本笔USDT净流出226119.1189，与获利分开。,https://bscscan.com/tx/0x151025d3f0a782340a74d30ef33a5fad044b838e74437a803f0652e70c231306,https://bscscan.com/address/0xf2ca2a3572b26ae7c479dc7ae36d922113b1bdf2#code,22.26
2026.07.01,Edel Finance / xStock [Decompiled],把可捐赠操纵的 ERC-4626 convertToAssets 直接用于抵押品价格,"Edel 的 AaveOracle 调用价格适配器；Etherscan Palkeoramix 反编译显示适配器把 Data Streams 的 getPrice 结果与 wGOOGLx.convertToAssets(1e18) 相乘。ERC-4626 的 totalAssets 读取包装合约持有的 GOOGLx 余额，攻击者直接捐入 8.489334153345952365 GOOGLx 而不铸造份额，把 1 wGOOGLx 的换算值从约 6.0 抬到 78.8636700873，随后借走 USDC 及五种包装股票。攻击者地址净收 204215.572188 USDC，公开损失另有 204,200、305,000、403,000 美元口径，未能统一，所以损失栏留空。适配器反编译伪代码不是已验证原始源码；攻击区块 runtime 与 Etherscan 输入逐字节一致，但没有编译或分叉重放。",https://etherscan.io/tx/0xe2320086b2815d21b0927839bd0e306466c29a68d38d5361e99dd21ec5472612,https://etherscan.io/address/0x4C2C9Df4559d80E0a7aa3c7F281704a7992F4CE2#code,
2026.07.09,#BFB on #BSC,零数量转账触发交易池销毁与储备重写,"BFB 的 transferFrom 允许 amount=0 继续进入 _transfer，之后无条件调用 _priceDeflPool。攻击者在小额卖出压低价格后，用零数量 EOA 转账反复从 BFB/WBNB 池销毁 BFB 并 sync，再用很少 BFB 换出 WBNB。交易回执显示池子净流出 350.616633079707222431 WBNB；源表保留 220,000 美元口径，技术报告按交易内价格约为 197,817 美元。Sourcify 显示 creation/runtime match，未本地编译或分叉重放。",https://bscscan.com/tx/0xabcf5c5c846595b2d0849f2579b67465ed8d06f3b469cee5e3a57c1f7aed3520,https://bscscan.com/address/0x719699762fFCC7AadBdCec4E7cf03569E5e99999#code,22
2026.07.11,Bonzo Finance / Supra,BLS 零点校验缺失导致预言机伪签名通过,Supra 验证器的 requireHashVerified_V2 直接把签名和委员会公钥交给 pairing 预编译合约，没有先拒绝零点/无穷远点和非法子群输入。零签名与零公钥让 pairing 方程平凡成立，伪造的 SAUCE 高价因此写入价格存储；Bonzo 按设计读取该价格并放出约 905 万美元本金。攻击交易 actions 证明代理 0.0.4323006 delegatecall 到 0.0.10414935，并观察到 0.0.8 返回 true。XDCScan 保存了同一缺陷路径的 Supra 原始 Solidity；XDC 与 Hedera runtime 不同，所以未声称攻击时字节码与源码完全等价。,https://hashscan.io/mainnet/transaction/1783731093.686041919,https://hashscan.io/mainnet/contract/0.0.4323006,905
2026.07.13,Lumi Finance / Sodium,ERC-1271 会话授权绕过与验证阶段恶意授权,Sodium 的 0x01 签名格式允许 UserOperation 自己填 signer，攻击者用会回传 ERC-1271 magic value 的恶意合约通过签名检查，再让同一地址出现在待建立 sessionKey 中。在未设 safe session 时，代码直接把 isSafe 置真。validateUserOp 随后把攻击者控制的 paymasterAndData 解析成 token 和 spender，调用 approve 给予最大额度。执行阶段被设为零 gas 并失败，但外层 handleOps 成功完成，验证阶段的授权因此保留；后续 transferFrom 取走账户代币。Sourcify 对 Sodium 实现给出 creation/runtime exact match。,https://arbiscan.io/tx/0x020995ec0b5daafe8fab481e33b1b52fdbd6423578060a1f73fd2a9b9fb0ea90,https://arbiscan.io/address/0xb5BC46dF04dEe31D219E7664122e29EEd9506b8b#code,27
2026.07.13,#PHX on #BSC,卖出费用路径销毁池子代币并重写储备,"PHX 在 _takeSellFee 中不仅从卖家收费，还根据卖出额直接 _burn(pair, pairBurnAmount) 并立即 sync。攻击者先买走池中绝大部分 PHX，再用一笔卖出触发销毁；在卖家净 PHX 到达前，sync 把 PHX 储备压到几乎为零。净转入随后被 AMM 当作相对巨大的输入，可换出几乎全部 WBNB。回执显示最终执行合约向攻击者转出 156.205683366923083775 WBNB；源表保留 89,600 美元，技术报告估值约 89,532 美元。源表日期为 7 月 13 日，链上 UTC 时间为 7 月 12 日。",https://bscscan.com/tx/0xb5a64c9c43da7b817b2450149b55cb542697d9a676b2f8a89ec748b37f821ebe,https://bscscan.com/address/0x2540CDc3317Aa614178c29e2a1C7d5cDcEBBa481#code,8.96
2026.07.14,#VECAndETH on #BSC,用可操纵的即时池价换算奖励,"VECAndETH 先用时间和 rewardRate 算出 USDT 计价的应领额，再在 calculateUSDTToETH 中直接调用 PancakeRouter.getAmountsOut(USDT→ETH)。这是当前池子的即时价，不是抗操纵预言机。攻击者借入大量 Binance-Peg ETH，短时间改变 ETH/USDT 储备，让同一笔 USDT 奖励被换算成过多 ETH；getReward 按该结果从合约付款，攻击者再恢复交易并归还借款。回执可见受害合约向攻击者付 68.498286303203816978 ETH，向 fundAddress 付 7.610920700355979664 ETH；公开分析称净收益约 61.2 ETH，源表损失为 109,600 美元。",https://bscscan.com/tx/0xe1f1e3e0706aa995b47a8ba1d310526e14f4db6ad78277853fa10932236eeb72,https://bscscan.com/address/0x3e505942bfa3ed145935223f9e3d1e2103cd47a1#code,10.96
